{"look_at": [-0.14222760342611188, 0.2529025092148481, 0.14087515096754816], 
"look_up": [-0.033069923520088196, -0.9880609512329102, -0.15047232806682587],
 "init_camera_position": [-0.4533995640579836, -0.3746656309024886, 2.944096302836711]}
