{"car_center": [-0.14222760342611188, 0.2529025092148481, 0.14087515096754816], 
"cam_location_init": [-0.4528,-0.3746, 2.94],
"orthonormal_matrix": [[0.9938338994979858, -0.04845153167843819, 0.09973300993442535], 
                       [-0.033069923520088196, -0.9880609512329102, -0.15047232806682587], 
                       [0.10583290457725525, 0.14624632894992828, -0.9835707545280457]]}